actividad_detalle,actividad_sector_detalle,actividad_sector_letra,anio,valor_precios_corrientes,valor_precios_constantes
Productores de Bienes,"Agricultura, ganadería, caza y silvicultura",A,2004,12525.60652,12525.60652
Productores de Bienes,Pesca y servicios conexos,B,2004,442.217294,442.217294
Productores de Bienes,Explotación de minas y canteras,C,2004,320.5062788,320.5062788
Productores de Bienes,Industria Manufacturera,D,2004,45880.41257,45880.41257
Productores de Bienes,"Electricidad, gas y agua",E,2004,2954.447391,2954.447391
Productores de Bienes,Construcción,F,2004,4689.915714,4689.915714
Productores de Servicios,"Comercio al por mayor, al por menor, reparaciones",G,2004,21823.82981,21823.82981
Productores de Servicios,Servicios de hotelería y restaurantes,H,2004,1781.630783,1781.630783
Productores de Servicios,"Servicio de transporte, de almacenamiento y de comunicaciones",I,2004,12054.43527,12054.43527
Productores de Servicios,Intermediación financiera y otros servicios financieros,J,2004,2805.205561,2805.205561
Productores de Servicios,"Servicios inmobiliarios, empresariales y de alquiler",K,2004,16981.69849,16981.69849
Productores de Servicios,"Administración pública, defensa y seguridad social obligatoria",L,2004,5304.95254,5304.95254
Productores de Servicios,Enseñanza,M,2004,6491.410447,6491.410447
Productores de Servicios,Servicios sociales y de salud,N,2004,4175.779207,4175.779207
Productores de Servicios,"Otros servicios comunitarios, sociales y personales",O,2004,3674.328102,3674.328102
Productores de Servicios,Servicios de los hogares privados que contratan servicio doméstico,P,2004,1223.201826,1223.201826
Impuestos,IVA y otros impuestos a los productos,,2004,26461.668,26461.668
Productores de Bienes,"Agricultura, ganadería, caza y silvicultura",A,2005,13291.79824,14588.25563
Productores de Bienes,Pesca y servicios conexos,B,2005,687.4142871,549.2430165
Productores de Bienes,Explotación de minas y canteras,C,2005,439.3301215,370.2033235
Productores de Bienes,Industria Manufacturera,D,2005,56054.76726,51018.224
Productores de Bienes,"Electricidad, gas y agua",E,2005,4494.575364,3057.208611
Productores de Bienes,Construcción,F,2005,7081.826123,5860.257675
Productores de Servicios,"Comercio al por mayor, al por menor, reparaciones",G,2005,25779.92127,23857.07751
Productores de Servicios,Servicios de hotelería y restaurantes,H,2005,2417.495131,2046.948678
Productores de Servicios,"Servicio de transporte, de almacenamiento y de comunicaciones",I,2005,14602.2116,13775.99553
Productores de Servicios,Intermediación financiera y otros servicios financieros,J,2005,3852.098451,3084.34411
Productores de Servicios,"Servicios inmobiliarios, empresariales y de alquiler",K,2005,20452.42716,17848.02223
Productores de Servicios,"Administración pública, defensa y seguridad social obligatoria",L,2005,7112.971448,5591.730387
Productores de Servicios,Enseñanza,M,2005,9233.042531,6697.044587
Productores de Servicios,Servicios sociales y de salud,N,2005,5000.14167,4351.939197
Productores de Servicios,"Otros servicios comunitarios, sociales y personales",O,2005,4375.251066,3813.674931
Productores de Servicios,Servicios de los hogares privados que contratan servicio doméstico,P,2005,1410.906153,1294.079893
Impuestos,IVA y otros impuestos a los productos,,2005,32494.37839,28405.10419
Productores de Bienes,"Agricultura, ganadería, caza y silvicultura",A,2006,14393.13226,14380.62691
Productores de Bienes,Pesca y servicios conexos,B,2006,689.8911187,573.9136074
Productores de Bienes,Explotación de minas y canteras,C,2006,545.5311754,404.767659
Productores de Bienes,Industria Manufacturera,D,2006,67176.8305,56211.51497
Productores de Bienes,"Electricidad, gas y agua",E,2006,5190.323473,3184.967943
Productores de Bienes,Construcción,F,2006,10921.92745,7036.362866
Productores de Servicios,"Comercio al por mayor, al por menor, reparaciones",G,2006,31171.18024,25860.7288
Productores de Servicios,Servicios de hotelería y restaurantes,H,2006,3160.924558,2303.912752
Productores de Servicios,"Servicio de transporte, de almacenamiento y de comunicaciones",I,2006,17853.08715,15396.28313
Productores de Servicios,Intermediación financiera y otros servicios financieros,J,2006,4849.060121,3489.289036
Productores de Servicios,"Servicios inmobiliarios, empresariales y de alquiler",K,2006,25152.20159,18763.99536
Productores de Servicios,"Administración pública, defensa y seguridad social obligatoria",L,2006,8753.580672,5680.209428
Productores de Servicios,Enseñanza,M,2006,11909.62552,6815.454733
Productores de Servicios,Servicios sociales y de salud,N,2006,6726.119556,4527.272082
Productores de Servicios,"Otros servicios comunitarios, sociales y personales",O,2006,5211.525331,3874.703043
Productores de Servicios,Servicios de los hogares privados que contratan servicio doméstico,P,2006,1746.655152,1419.59886
Impuestos,IVA y otros impuestos a los productos,,2006,40827.02358,31791.81232
Productores de Bienes,"Agricultura, ganadería, caza y silvicultura",A,2007,20014.54953,15204.50526
Productores de Bienes,Pesca y servicios conexos,B,2007,675.5769428,554.2102223
Productores de Bienes,Explotación de minas y canteras,C,2007,638.0957903,423.8765611
Productores de Bienes,Industria Manufacturera,D,2007,83939.79083,63502.03177
Productores de Bienes,"Electricidad, gas y agua",E,2007,5957.717117,3323.851084
Productores de Bienes,Construcción,F,2007,13894.7701,7177.775289
Productores de Servicios,"Comercio al por mayor, al por menor, reparaciones",G,2007,40049.1366,28509.18866
Productores de Servicios,Servicios de hotelería y restaurantes,H,2007,4147.947068,2560.20251
Productores de Servicios,"Servicio de transporte, de almacenamiento y de comunicaciones",I,2007,22212.34043,17237.73427
Productores de Servicios,Intermediación financiera y otros servicios financieros,J,2007,6115.228312,3971.012211
Productores de Servicios,"Servicios inmobiliarios, empresariales y de alquiler",K,2007,31564.47964,19724.17995
Productores de Servicios,"Administración pública, defensa y seguridad social obligatoria",L,2007,11239.44407,6138.66513
Productores de Servicios,Enseñanza,M,2007,15117.20671,7019.600707
Productores de Servicios,Servicios sociales y de salud,N,2007,8740.171587,4724.155742
Productores de Servicios,"Otros servicios comunitarios, sociales y personales",O,2007,6476.901633,4013.73156
Productores de Servicios,Servicios de los hogares privados que contratan servicio doméstico,P,2007,2122.331155,1418.750266
Impuestos,IVA y otros impuestos a los productos,,2007,53933.76721,37145.80411
Productores de Bienes,"Agricultura, ganadería, caza y silvicultura",A,2008,24980.39636,15401.19343
Productores de Bienes,Pesca y servicios conexos,B,2008,912.8003499,614.4498707
Productores de Bienes,Explotación de minas y canteras,C,2008,765.2410357,439.9017373
Productores de Bienes,Industria Manufacturera,D,2008,102266.8146,65659.67063
Productores de Bienes,"Electricidad, gas y agua",E,2008,5836.077145,3420.707364
Productores de Bienes,Construcción,F,2008,16793.26397,7285.730142
Productores de Servicios,"Comercio al por mayor, al por menor, reparaciones",G,2008,52166.2214,30090.65304
Productores de Servicios,Servicios de hotelería y restaurantes,H,2008,5334.526896,2534.899555
Productores de Servicios,"Servicio de transporte, de almacenamiento y de comunicaciones",I,2008,27802.49683,18057.06217
Productores de Servicios,Intermediación financiera y otros servicios financieros,J,2008,7888.326706,4213.670499
Productores de Servicios,"Servicios inmobiliarios, empresariales y de alquiler",K,2008,39881.28573,20380.11441
Productores de Servicios,"Administración pública, defensa y seguridad social obligatoria",L,2008,16087.13852,6392.151852
Productores de Servicios,Enseñanza,M,2008,21271.09631,7177.612689
Productores de Servicios,Servicios sociales y de salud,N,2008,11834.66756,4895.805277
Productores de Servicios,"Otros servicios comunitarios, sociales y personales",O,2008,7885.230843,4017.158342
Productores de Servicios,Servicios de los hogares privados que contratan servicio doméstico,P,2008,2809.651749,1488.845097
Impuestos,IVA y otros impuestos a los productos,,2008,69798.55946,38785.35603
Productores de Bienes,"Agricultura, ganadería, caza y silvicultura",A,2009,17714.19121,10954.37784
Productores de Bienes,Pesca y servicios conexos,B,2009,942.7665807,526.7861819
Productores de Bienes,Explotación de minas y canteras,C,2009,840.0044326,431.1675946
Productores de Bienes,Industria Manufacturera,D,2009,97013.63029,56818.73388
Productores de Bienes,"Electricidad, gas y agua",E,2009,6132.452874,3324.351792
Productores de Bienes,Construcción,F,2009,18836.36642,7126.141389
Productores de Servicios,"Comercio al por mayor, al por menor, reparaciones",G,2009,54666.45503,27905.11546
Productores de Servicios,Servicios de hotelería y restaurantes,H,2009,5664.553483,2452.437378
Productores de Servicios,"Servicio de transporte, de almacenamiento y de comunicaciones",I,2009,30615.43835,17793.41927
Productores de Servicios,Intermediación financiera y otros servicios financieros,J,2009,8818.984554,4016.908815
Productores de Servicios,"Servicios inmobiliarios, empresariales y de alquiler",K,2009,47621.85932,20392.57793
Productores de Servicios,"Administración pública, defensa y seguridad social obligatoria",L,2009,20249.89992,6654.726829
Productores de Servicios,Enseñanza,M,2009,25903.90133,7271.245251
Productores de Servicios,Servicios sociales y de salud,N,2009,15274.38744,5093.444947
Productores de Servicios,"Otros servicios comunitarios, sociales y personales",O,2009,9564.395407,4103.415157
Productores de Servicios,Servicios de los hogares privados que contratan servicio doméstico,P,2009,3521.214166,1552.227042
Impuestos,IVA y otros impuestos a los productos,,2009,72490.06058,34496.88022
Productores de Bienes,"Agricultura, ganadería, caza y silvicultura",A,2010,37365.62107,17696.82589
Productores de Bienes,Pesca y servicios conexos,B,2010,1218.447945,562.6166444
Productores de Bienes,Explotación de minas y canteras,C,2010,1033.979604,468.7448692
Productores de Bienes,Industria Manufacturera,D,2010,132050.6786,64351.53505
Productores de Bienes,"Electricidad, gas y agua",E,2010,6957.714095,3493.506503
Productores de Bienes,Construcción,F,2010,25464.89046,7795.958342
Productores de Servicios,"Comercio al por mayor, al por menor, reparaciones",G,2010,75219.32464,31703.17331
Productores de Servicios,Servicios de hotelería y restaurantes,H,2010,7804.687564,2672.454018
Productores de Servicios,"Servicio de transporte, de almacenamiento y de comunicaciones",I,2010,39365.52098,19450.46886
Productores de Servicios,Intermediación financiera y otros servicios financieros,J,2010,10784.81646,4038.032147
Productores de Servicios,"Servicios inmobiliarios, empresariales y de alquiler",K,2010,65404.0796,21407.1882
Productores de Servicios,"Administración pública, defensa y seguridad social obligatoria",L,2010,25034.49648,6932.670722
Productores de Servicios,Enseñanza,M,2010,30246.91974,7410.361818
Productores de Servicios,Servicios sociales y de salud,N,2010,20008.83043,5249.15635
Productores de Servicios,"Otros servicios comunitarios, sociales y personales",O,2010,12197.02778,4216.602302
Productores de Servicios,Servicios de los hogares privados que contratan servicio doméstico,P,2010,4294.891795,1502.221498
Impuestos,IVA y otros impuestos a los productos,,2010,98022.87825,39230.7795
Productores de Bienes,"Agricultura, ganadería, caza y silvicultura",A,2011,51005.18315,18172.80563
Productores de Bienes,Pesca y servicios conexos,B,2011,1002.851611,481.4672514
Productores de Bienes,Explotación de minas y canteras,C,2011,1314.683427,504.7212398
Productores de Bienes,Industria Manufacturera,D,2011,172777.4456,69800.10353
Productores de Bienes,"Electricidad, gas y agua",E,2011,8483.496529,3638.385077
Productores de Bienes,Construcción,F,2011,35354.99582,8529.139091
Productores de Servicios,"Comercio al por mayor, al por menor, reparaciones",G,2011,98972.83368,34618.89659
Productores de Servicios,Servicios de hotelería y restaurantes,H,2011,10878.06789,2821.997435
Productores de Servicios,"Servicio de transporte, de almacenamiento y de comunicaciones",I,2011,49708.43606,20477.37426
Productores de Servicios,Intermediación financiera y otros servicios financieros,J,2011,14066.47937,4439.504536
Productores de Servicios,"Servicios inmobiliarios, empresariales y de alquiler",K,2011,87355.68027,22291.28206
Productores de Servicios,"Administración pública, defensa y seguridad social obligatoria",L,2011,35442.52551,7236.732904
Productores de Servicios,Enseñanza,M,2011,40934.94755,7642.222761
Productores de Servicios,Servicios sociales y de salud,N,2011,27810.85746,5497.39673
Productores de Servicios,"Otros servicios comunitarios, sociales y personales",O,2011,16138.42275,4348.596163
Productores de Servicios,Servicios de los hogares privados que contratan servicio doméstico,P,2011,5707.601335,1538.506836
Impuestos,IVA y otros impuestos a los productos,,2011,128339.7567,42976.9535
Productores de Bienes,"Agricultura, ganadería, caza y silvicultura",A,2012,53820.00412,17378.0717
Productores de Bienes,Pesca y servicios conexos,B,2012,1020.388314,432.8531807
Productores de Bienes,Explotación de minas y canteras,C,2012,1626.103062,512.760063
Productores de Bienes,Industria Manufacturera,D,2012,202348.1912,69261.94995
Productores de Bienes,"Electricidad, gas y agua",E,2012,7802.629608,3750.239599
Productores de Bienes,Construcción,F,2012,45862.32696,8361.548386
Productores de Servicios,"Comercio al por mayor, al por menor, reparaciones",G,2012,118965.9276,34085.94851
Productores de Servicios,Servicios de hotelería y restaurantes,H,2012,14423.69006,2883.930415
Productores de Servicios,"Servicio de transporte, de almacenamiento y de comunicaciones",I,2012,59910.23668,20484.11077
Productores de Servicios,Intermediación financiera y otros servicios financieros,J,2012,19032.91912,4763.354478
Productores de Servicios,"Servicios inmobiliarios, empresariales y de alquiler",K,2012,113013.9053,22588.99077
Productores de Servicios,"Administración pública, defensa y seguridad social obligatoria",L,2012,45203.84827,7339.832014
Productores de Servicios,Enseñanza,M,2012,50892.39613,7777.446656
Productores de Servicios,Servicios sociales y de salud,N,2012,36922.94806,5568.200593
Productores de Servicios,"Otros servicios comunitarios, sociales y personales",O,2012,20534.80176,4386.954838
Productores de Servicios,Servicios de los hogares privados que contratan servicio doméstico,P,2012,7677.252327,1607.743334
Impuestos,IVA y otros impuestos a los productos,,2012,155458.8152,43270.36109
Productores de Bienes,"Agricultura, ganadería, caza y silvicultura",A,2013,63101.83011,18302.21877
Productores de Bienes,Pesca y servicios conexos,B,2013,2077.258473,574.9487101
Productores de Bienes,Explotación de minas y canteras,C,2013,1987.449509,525.557847
Productores de Bienes,Industria Manufacturera,D,2013,254064.1497,71442.52205
Productores de Bienes,"Electricidad, gas y agua",E,2013,16235.12169,3770.901943
Productores de Bienes,Construcción,F,2013,54958.244,8367.715651
Productores de Servicios,"Comercio al por mayor, al por menor, reparaciones",G,2013,151695.383,35187.59109
Productores de Servicios,Servicios de hotelería y restaurantes,H,2013,17638.78611,2808.828732
Productores de Servicios,"Servicio de transporte, de almacenamiento y de comunicaciones",I,2013,74731.70253,20947.76181
Productores de Servicios,Intermediación financiera y otros servicios financieros,J,2013,22510.16759,4818.599933
Productores de Servicios,"Servicios inmobiliarios, empresariales y de alquiler",K,2013,144208.4839,23030.11929
Productores de Servicios,"Administración pública, defensa y seguridad social obligatoria",L,2013,55775.50777,7550.533565
Productores de Servicios,Enseñanza,M,2013,60584.3366,7910.977253
Productores de Servicios,Servicios sociales y de salud,N,2013,46855.83674,5620.618018
Productores de Servicios,"Otros servicios comunitarios, sociales y personales",O,2013,25745.97465,4372.646267
Productores de Servicios,Servicios de los hogares privados que contratan servicio doméstico,P,2013,10308.89154,1663.158591
Impuestos,IVA y otros impuestos a los productos,,2013,193556.5406,44644.61782
Productores de Bienes,"Agricultura, ganadería, caza y silvicultura",A,2014,89840.63863,17724.30552
Productores de Bienes,Pesca y servicios conexos,B,2014,2713.581991,541.2389449
Productores de Bienes,Explotación de minas y canteras,C,2014,2546.740636,531.4491419
Productores de Bienes,Industria Manufacturera,D,2014,343927.4294,70546.747
Productores de Bienes,"Electricidad, gas y agua",E,2014,22209.73991,3771.741601
Productores de Bienes,Construcción,F,2014,71268.89587,8302.860061
Productores de Servicios,"Comercio al por mayor, al por menor, reparaciones",G,2014,206062.549,33119.22305
Productores de Servicios,Servicios de hotelería y restaurantes,H,2014,23933.39448,2748.428809
Productores de Servicios,"Servicio de transporte, de almacenamiento y de comunicaciones",I,2014,101508.4036,21038.53312
Productores de Servicios,Intermediación financiera y otros servicios financieros,J,2014,33523.244,4792.081607
Productores de Servicios,"Servicios inmobiliarios, empresariales y de alquiler",K,2014,194974.0818,23185.88329
Productores de Servicios,"Administración pública, defensa y seguridad social obligatoria",L,2014,75081.42207,7616.745617
Productores de Servicios,Enseñanza,M,2014,77862.90496,8059.11824
Productores de Servicios,Servicios sociales y de salud,N,2014,66047.15749,5987.872375
Productores de Servicios,"Otros servicios comunitarios, sociales y personales",O,2014,33883.15927,4318.43719
Productores de Servicios,Servicios de los hogares privados que contratan servicio doméstico,P,2014,13667.51454,1687.48414
Impuestos,IVA y otros impuestos a los productos,,2014,267613.0369,42665.00524
Productores de Bienes,"Agricultura, ganadería, caza y silvicultura",A,2015,98211.72021,19439.76945
Productores de Bienes,Pesca y servicios conexos,B,2015,3444.709639,554.159143
Productores de Bienes,Explotación de minas y canteras,C,2015,3321.968496,543.7620092
Productores de Bienes,Industria Manufacturera,D,2015,413748.893,67725.59131
Productores de Bienes,"Electricidad, gas y agua",E,2015,25651.45538,3845.200976
Productores de Bienes,Construcción,F,2015,94705.90177,8588.144836
Productores de Servicios,"Comercio al por mayor, al por menor, reparaciones",G,2015,289321.0234,33669.33623
Productores de Servicios,Servicios de hotelería y restaurantes,H,2015,32558.82876,2799.410955
Productores de Servicios,"Servicio de transporte, de almacenamiento y de comunicaciones",I,2015,129259.1793,21428.66098
Productores de Servicios,Intermediación financiera y otros servicios financieros,J,2015,42315.5581,4787.740836
Productores de Servicios,"Servicios inmobiliarios, empresariales y de alquiler",K,2015,252169.5531,23361.25395
Productores de Servicios,"Administración pública, defensa y seguridad social obligatoria",L,2015,109105.1104,7927.865293
Productores de Servicios,Enseñanza,M,2015,105040.7503,8332.322583
Productores de Servicios,Servicios sociales y de salud,N,2015,94453.9176,6284.583155
Productores de Servicios,"Otros servicios comunitarios, sociales y personales",O,2015,46568.4309,4517.750915
Productores de Servicios,Servicios de los hogares privados que contratan servicio doméstico,P,2015,18355.85588,1718.222812
Impuestos,IVA y otros impuestos a los productos,,2015,337815.5054,43493.15071
Productores de Bienes,"Agricultura, ganadería, caza y silvicultura",A,2016,170970.8767,20827.21433
Productores de Bienes,Pesca y servicios conexos,B,2016,4778.857606,483.5954494
Productores de Bienes,Explotación de minas y canteras,C,2016,4062.056543,544.8934898
Productores de Bienes,Industria Manufacturera,D,2016,528418.6254,61267.37565
Productores de Bienes,"Electricidad, gas y agua",E,2016,55913.64941,3865.893235
Productores de Bienes,Construcción,F,2016,114693.6424,7706.670078
Productores de Servicios,"Comercio al por mayor, al por menor, reparaciones",G,2016,384420.1636,33067.55065
Productores de Servicios,Servicios de hotelería y restaurantes,H,2016,43690.95591,2828.47687
Productores de Servicios,"Servicio de transporte, de almacenamiento y de comunicaciones",I,2016,169497.2934,21408.09502
Productores de Servicios,Intermediación financiera y otros servicios financieros,J,2016,70730.03167,4621.383952
Productores de Servicios,"Servicios inmobiliarios, empresariales y de alquiler",K,2016,331460.5484,23575.39966
Productores de Servicios,"Administración pública, defensa y seguridad social obligatoria",L,2016,151576.5054,8098.168531
Productores de Servicios,Enseñanza,M,2016,138399.554,8592.503984
Productores de Servicios,Servicios sociales y de salud,N,2016,137660.7534,6969.925552
Productores de Servicios,"Otros servicios comunitarios, sociales y personales",O,2016,61295.84285,4570.335955
Productores de Servicios,Servicios de los hogares privados que contratan servicio doméstico,P,2016,24480.66207,1721.830121
Impuestos,IVA y otros impuestos a los productos,,2016,461439.8423,43909.11743
Productores de Bienes,"Agricultura, ganadería, caza y silvicultura",A,2017,178662.9636,19616.47555
Productores de Bienes,Pesca y servicios conexos,B,2017,5286.609122,491.2594528
Productores de Bienes,Explotación de minas y canteras,C,2017,5362.919819,601.1106833
Productores de Bienes,Industria Manufacturera,D,2017,634330.6536,62704.54732
Productores de Bienes,"Electricidad, gas y agua",E,2017,74725.49865,3830.583273
Productores de Bienes,Construcción,F,2017,178074.4718,9061.798427
Productores de Servicios,"Comercio al por mayor, al por menor, reparaciones",G,2017,488022.1871,33741.97271
Productores de Servicios,Servicios de hotelería y restaurantes,H,2017,59637.9811,2898.030802
Productores de Servicios,"Servicio de transporte, de almacenamiento y de comunicaciones",I,2017,221350.8162,21892.06114
Productores de Servicios,Intermediación financiera y otros servicios financieros,J,2017,94399.02551,4860.088391
Productores de Servicios,"Servicios inmobiliarios, empresariales y de alquiler",K,2017,446847.1769,24187.86532
Productores de Servicios,"Administración pública, defensa y seguridad social obligatoria",L,2017,181201.8614,8158.397058
Productores de Servicios,Enseñanza,M,2017,177516.5987,8656.416908
Productores de Servicios,Servicios sociales y de salud,N,2017,181448.5581,7145.853706
Productores de Servicios,"Otros servicios comunitarios, sociales y personales",O,2017,78603.59954,4554.690535
Productores de Servicios,Servicios de los hogares privados que contratan servicio doméstico,P,2017,31675.6492,1694.30728
Impuestos,IVA y otros impuestos a los productos,,2017,590859.5009,45856.20874
Productores de Bienes,"Agricultura, ganadería, caza y silvicultura",A,2018,258534.9853,17019.13127
Productores de Bienes,Pesca y servicios conexos,B,2018,9320.535472,457.3430731
Productores de Bienes,Explotación de minas y canteras,C,2018,8131.276353,663.0917695
Productores de Bienes,Industria Manufacturera,D,2018,920011.6922,58364.56369
Productores de Bienes,"Electricidad, gas y agua",E,2018,153820.8085,3806.180702
Productores de Bienes,Construcción,F,2018,230523.0521,9291.076945
Productores de Servicios,"Comercio al por mayor, al por menor, reparaciones",G,2018,703280.1422,31927.63973
Productores de Servicios,Servicios de hotelería y restaurantes,H,2018,76999.79122,2895.545062
Productores de Servicios,"Servicio de transporte, de almacenamiento y de comunicaciones",I,2018,320935.2969,21266.74102
Productores de Servicios,Intermediación financiera y otros servicios financieros,J,2018,114142.3862,5043.045705
Productores de Servicios,"Servicios inmobiliarios, empresariales y de alquiler",K,2018,628368.9586,24553.48425
Productores de Servicios,"Administración pública, defensa y seguridad social obligatoria",L,2018,235096.2845,8111.244248
Productores de Servicios,Enseñanza,M,2018,229134.6587,8730.373542
Productores de Servicios,Servicios sociales y de salud,N,2018,247106.6226,7204.786852
Productores de Servicios,"Otros servicios comunitarios, sociales y personales",O,2018,104084.5689,4749.575234
Productores de Servicios,Servicios de los hogares privados que contratan servicio doméstico,P,2018,41495.20732,1728.566503
Impuestos,IVA y otros impuestos a los productos,,2018,807563.2291,43547.42228
Productores de Bienes,"Agricultura, ganadería, caza y silvicultura",A,2019,464137.8765,21182.7916
Productores de Bienes,Pesca y servicios conexos,B,2019,15123.91415,478.8501233
Productores de Bienes,Explotación de minas y canteras,C,2019,11512.20008,650.6060795
Productores de Bienes,Industria Manufacturera,D,2019,1356026.437,54089.34593
Productores de Bienes,"Electricidad, gas y agua",E,2019,205946.9172,3702.034873
Productores de Bienes,Construcción,F,2019,315005.674,8660.451463
Productores de Servicios,"Comercio al por mayor, al por menor, reparaciones",G,2019,1048811.822,30773.88207
Productores de Servicios,Servicios de hotelería y restaurantes,H,2019,108426.154,2849.738389
Productores de Servicios,"Servicio de transporte, de almacenamiento y de comunicaciones",I,2019,486088.9523,20945.48564
Productores de Servicios,Intermediación financiera y otros servicios financieros,J,2019,155849.582,4428.314312
Productores de Servicios,"Servicios inmobiliarios, empresariales y de alquiler",K,2019,855360.6422,24663.24296
Productores de Servicios,"Administración pública, defensa y seguridad social obligatoria",L,2019,335802.81,8004.425275
Productores de Servicios,Enseñanza,M,2019,341230.7342,8574.90287
Productores de Servicios,Servicios sociales y de salud,N,2019,356570.1907,7309.629867
Productores de Servicios,"Otros servicios comunitarios, sociales y personales",O,2019,147579.178,4678.36767
Productores de Servicios,Servicios de los hogares privados que contratan servicio doméstico,P,2019,60234.69839,1833.677522
Impuestos,IVA y otros impuestos a los productos,,2019,1252821.613,41991.05035
Productores de Bienes,"Agricultura, ganadería, caza y silvicultura",A,2020,725295.1807,19605.44536
Productores de Bienes,Pesca y servicios conexos,B,2020,25156.2746,555.8913282
Productores de Bienes,Explotación de minas y canteras,C,2020,13318.25105,523.5288872
Productores de Bienes,Industria Manufacturera,D,2020,1752781.612,48609.23016
Productores de Bienes,"Electricidad, gas y agua",E,2020,275382.369,3790.941545
Productores de Bienes,Construcción,F,2020,366077.8518,7292.405499
Productores de Servicios,"Comercio al por mayor, al por menor, reparaciones",G,2020,1456699.081,28891.26572
Productores de Servicios,Servicios de hotelería y restaurantes,H,2020,81354.40175,1507.407719
Productores de Servicios,"Servicio de transporte, de almacenamiento y de comunicaciones",I,2020,527412.4789,16779.42691
Productores de Servicios,Intermediación financiera y otros servicios financieros,J,2020,238397.775,4374.734002
Productores de Servicios,"Servicios inmobiliarios, empresariales y de alquiler",K,2020,1119929.592,24493.73824
Productores de Servicios,"Administración pública, defensa y seguridad social obligatoria",L,2020,408863.9689,7477.068801
Productores de Servicios,Enseñanza,M,2020,475910.5751,8150.687795
Productores de Servicios,Servicios sociales y de salud,N,2020,442854.8411,6590.941042
Productores de Servicios,"Otros servicios comunitarios, sociales y personales",O,2020,171215.6337,3456.494959
Productores de Servicios,Servicios de los hogares privados que contratan servicio doméstico,P,2020,69581.3154,1508.797757
Impuestos,IVA y otros impuestos a los productos,,2020,1580840.557,37171.15128
Productores de Bienes,"Agricultura, ganadería, caza y silvicultura",A,2021,1271782.162,19322.20883
Productores de Bienes,Pesca y servicios conexos,B,2021,30864.85345,482.252878
Productores de Bienes,Explotación de minas y canteras,C,2021,24680.43202,604.7489411
Productores de Bienes,Industria Manufacturera,D,2021,3246871.739,57464.57541
Productores de Bienes,"Electricidad, gas y agua",E,2021,342991.4405,3978.645295
Productores de Bienes,Construcción,F,2021,718023.9418,10064.14317
Productores de Servicios,"Comercio al por mayor, al por menor, reparaciones",G,2021,2519486.197,32047.51263
Productores de Servicios,Servicios de hotelería y restaurantes,H,2021,154563.2759,1934.194873
Productores de Servicios,"Servicio de transporte, de almacenamiento y de comunicaciones",I,2021,863980.6969,19762.46165
Productores de Servicios,Intermediación financiera y otros servicios financieros,J,2021,319151.3385,4390.48361
Productores de Servicios,"Servicios inmobiliarios, empresariales y de alquiler",K,2021,1656411.981,25678.35465
Productores de Servicios,"Administración pública, defensa y seguridad social obligatoria",L,2021,667345.1656,7834.213919
Productores de Servicios,Enseñanza,M,2021,714176.3468,8304.956861
Productores de Servicios,Servicios sociales y de salud,N,2021,742961.9784,7370.343716
Productores de Servicios,"Otros servicios comunitarios, sociales y personales",O,2021,286667.4753,4102.993361
Productores de Servicios,Servicios de los hogares privados que contratan servicio doméstico,P,2021,103607.2466,1591.233835
Impuestos,IVA y otros impuestos a los productos,,2021,2731652.79,41805.14069
Productores de Bienes,"Agricultura, ganadería, caza y silvicultura",A,2022 *,2074777.255,19186.95614
Productores de Bienes,Pesca y servicios conexos,B,2022 *,46231.97348,510.2832248
Productores de Bienes,Explotación de minas y canteras,C,2022 *,58789.5901,789.8517164
Productores de Bienes,Industria Manufacturera,D,2022 *,5899499.03,59906.69734
Productores de Bienes,"Electricidad, gas y agua",E,2022 *,512158.0009,3922.083793
Productores de Bienes,Construcción,F,2022 *,1430324.657,12252.76569
Productores de Servicios,"Comercio al por mayor, al por menor, reparaciones",G,2022 *,4546997.568,33727.17316
Productores de Servicios,Servicios de hotelería y restaurantes,H,2022 *,383010.7183,2501.197979
Productores de Servicios,"Servicio de transporte, de almacenamiento y de comunicaciones",I,2022 *,1543112.128,22412.03522
Productores de Servicios,Intermediación financiera y otros servicios financieros,J,2022 *,519023.3676,4391.687257
Productores de Servicios,"Servicios inmobiliarios, empresariales y de alquiler",K,2022 *,2788716.528,26540.62957
Productores de Servicios,"Administración pública, defensa y seguridad social obligatoria",L,2022 *,1263449.769,8446.432763
Productores de Servicios,Enseñanza,M,2022 *,1335622.034,8594.173207
Productores de Servicios,Servicios sociales y de salud,N,2022 *,1339601.773,7560.33282
Productores de Servicios,"Otros servicios comunitarios, sociales y personales",O,2022 *,523782.5258,4395.06365
Productores de Servicios,Servicios de los hogares privados que contratan servicio doméstico,P,2022 *,201055.5198,1758.672854
Impuestos,IVA y otros impuestos a los productos,,2022 *,4673262.196,46669.38755
Productores de Bienes,"Agricultura, ganadería, caza y silvicultura",A,2023 *,4747154.025,15505.07166
Productores de Bienes,Pesca y servicios conexos,B,2023 *,97357.72122,508.9814733
Productores de Bienes,Explotación de minas y canteras,C,2023 *,149321.6447,823.1576459
Productores de Bienes,Industria Manufacturera,D,2023 *,14081385.94,59340.96819
Productores de Bienes,"Electricidad, gas y agua",E,2023 *,1463093.4,3969.228868
Productores de Bienes,Construcción,F,2023 *,3170448.752,11855.65365
Productores de Servicios,"Comercio al por mayor, al por menor, reparaciones",G,2023 *,10926359.67,33664.91174
Productores de Servicios,Servicios de hotelería y restaurantes,H,2023 *,1021575.221,2670.672323
Productores de Servicios,"Servicio de transporte, de almacenamiento y de comunicaciones",I,2023 *,3366579.557,22361.07299
Productores de Servicios,Intermediación financiera y otros servicios financieros,J,2023 *,1054584.502,4210.151704
Productores de Servicios,"Servicios inmobiliarios, empresariales y de alquiler",K,2023 *,5826324.215,27198.32016
Productores de Servicios,"Administración pública, defensa y seguridad social obligatoria",L,2023 *,2967444.625,8671.658371
Productores de Servicios,Enseñanza,M,2023 *,3179307.618,8817.583195
Productores de Servicios,Servicios sociales y de salud,N,2023 *,2993123.025,7564.965877
Productores de Servicios,"Otros servicios comunitarios, sociales y personales",O,2023 *,1351399.277,4499.746127
Productores de Servicios,Servicios de los hogares privados que contratan servicio doméstico,P,2023 *,476781.9291,1800.637817
Impuestos,IVA y otros impuestos a los productos,,2023 *,11154361.19,45811.53812
Productores de Bienes,"Agricultura, ganadería, caza y silvicultura",A,2024 **,14361265.96,20124.5725
Productores de Bienes,Pesca y servicios conexos,B,2024 **,297212.873,489.6041607
Productores de Bienes,Explotación de minas y canteras,C,2024 **,339414.9953,643.8288796
Productores de Bienes,Industria Manufacturera,D,2024 **,37058042.61,53402.9042
Productores de Bienes,"Electricidad, gas y agua",E,2024 **,4779456.6,3843.00279
Productores de Bienes,Construcción,F,2024 **,6910454.69,9558.833907
Productores de Servicios,"Comercio al por mayor, al por menor, reparaciones",G,2024 **,30193193.74,32259.39281
Productores de Servicios,Servicios de hotelería y restaurantes,H,2024 **,3403596.865,2863.897449
Productores de Servicios,"Servicio de transporte, de almacenamiento y de comunicaciones",I,2024 **,11518609.15,22589.38182
Productores de Servicios,Intermediación financiera y otros servicios financieros,J,2024 **,4804247.218,4003.831362
Productores de Servicios,"Servicios inmobiliarios, empresariales y de alquiler",K,2024 **,17876790.99,27466.20499
Productores de Servicios,"Administración pública, defensa y seguridad social obligatoria",L,2024 **,9119363.57,8750.60814
Productores de Servicios,Enseñanza,M,2024 **,7995964.935,8892.997137
Productores de Servicios,Servicios sociales y de salud,N,2024 **,8615152.365,7390.649447
Productores de Servicios,"Otros servicios comunitarios, sociales y personales",O,2024 **,4310568.449,4396.805008
Productores de Servicios,Servicios de los hogares privados que contratan servicio doméstico,P,2024 **,1301758.849,1824.008287
Impuestos,IVA y otros impuestos a los productos,,2024 **,34248827.58,45066.86151
