series,date,state,sector,value
abs,2025-01-01,Johor,p0,170947.488
abs,2025-01-01,Kedah,p0,56303.087
abs,2025-01-01,Kelantan,p0,29775.762
abs,2025-01-01,Melaka,p0,50286.011
abs,2025-01-01,Negeri Sembilan,p0,55767.291
abs,2025-01-01,Pahang,p0,70962.277
abs,2025-01-01,Perak,p0,91529.379
abs,2025-01-01,Perlis,p0,6675.575
abs,2025-01-01,Pulau Pinang,p0,130283.385
abs,2025-01-01,Sabah,p0,88773.954
abs,2025-01-01,Sarawak,p0,153511.242
abs,2025-01-01,Selangor,p0,460113.648
abs,2025-01-01,Terengganu,p0,40596.613
abs,2025-01-01,W.P. Kuala Lumpur,p0,265103.982
abs,2025-01-01,W.P. Labuan,p0,8700.231
abs,2025-01-01,W.P. Putrajaya,p0,14365.914
abs,2025-01-01,Supra,p0,43257.43
