state,date,sex,age,ethnicity,population
Johor,2026-01-01,both,overall,overall,4224.3
Kedah,2026-01-01,both,overall,overall,2237.4
Kelantan,2026-01-01,both,overall,overall,1925.3
Melaka,2026-01-01,both,overall,overall,1057.4
Negeri Sembilan,2026-01-01,both,overall,overall,1248.5
Pahang,2026-01-01,both,overall,overall,1686.2
Perak,2026-01-01,both,overall,overall,2577.9
Perlis,2026-01-01,both,overall,overall,297.3
Pulau Pinang,2026-01-01,both,overall,overall,1808.3
Sabah,2026-01-01,both,overall,overall,3767.0
Sarawak,2026-01-01,both,overall,overall,2539.8
Selangor,2026-01-01,both,overall,overall,7454.2
Terengganu,2026-01-01,both,overall,overall,1260.9
W.P. Kuala Lumpur,2026-01-01,both,overall,overall,2082.3
W.P. Labuan,2026-01-01,both,overall,overall,101.1
W.P. Putrajaya,2026-01-01,both,overall,overall,121.4
